Account Name,Phone,Country,Email,Date
Burlington Textiles Corp of America,+1 (336) 222-7000,USA,burlington.textile@usa.com,2020-12-14
Dickenson plc,+1 (785) 241-6200,USA,dickenson@plc.com,2020-12-14
Edge Communications,+33 (512) 757-6000,France,Edge_comm@edge.com,2020-12-14
GenePoint,+91 (650) 867-3450,India,gene_point78@mail.com,2020-12-14
Grand Hotels Resorts Ltd,+91 (312) 596-1000,India,GrandHoltel@resort.com,2020-12-14
Pyramid Construction Inc,+33 (014) 427-4427,France,Pyramid@construct.com,2020-12-14
United Oil Gas Singapore,+44 (650) 450-8810,UK,gas44@oil.com,2020-11-14
United Oil Gas UK,+44 (191) 495-6203,UK,gas_49@oil.com,2020-12-14
United Oil Gas Corp,+1 (212) 842-5500,USA,gas.54@oil.com,2020-12-14
University of Arizona,+1 (520) 773-9050,USA,arizona@school.com,2020-12-14
Burlington Textiles Corp of America,+1 (336) 225-7000,USA,burlington.textile@usa.com,2020-12-14
United Oil Gas Singapore,+44 (650) 450-8910,UK,gas44@oil.com,2021-09-07
United Oil Gas UK,+44 (191) 495-6203,UK,gas_49@oil.com,2021-09-07
University of Arizona,+1 (520) 773-9050,USA,arizona@school.edu,2021-09-07
